name,description,icon,badge_type,condition_key,condition_value,xp_reward
Premier pas,Répondre à ta première question,🌱,milestone,total_questions_answered,1,20
Apprenti,Répondre à 25 questions,📘,milestone,total_questions_answered,25,50
Étudiant assidu,Répondre à 50 questions,📗,milestone,total_questions_answered,50,75
Lecteur assidu,Répondre à 100 questions,📖,milestone,total_questions_answered,100,100
Passionné des Écritures,Répondre à 250 questions,📚,milestone,total_questions_answered,250,150
Érudit,Répondre à 500 questions,🎓,milestone,total_questions_answered,500,250
Théologien,Répondre à 750 questions,⛪,milestone,total_questions_answered,750,350
Maître de la Parole,Répondre à 1000 questions,💎,milestone,total_questions_answered,1000,500
Sage biblique,Répondre à 2500 questions,🦉,milestone,total_questions_answered,2500,1000
Légende vivante,Répondre à 5000 questions,🌟,milestone,total_questions_answered,5000,2000
Œil affûté,Obtenir 50 bonnes réponses au total,🎯,accuracy,total_correct,50,60
Vision claire,Obtenir 100 bonnes réponses au total,👁️,accuracy,total_correct,100,90
Précision divine,Obtenir 200 bonnes réponses au total,🏹,accuracy,total_correct,200,150
Infaillible,Obtenir 500 bonnes réponses au total,🥇,accuracy,total_correct,500,300
Perfection biblique,Obtenir 1000 bonnes réponses au total,💯,accuracy,total_correct,1000,600
En feu,Jouer 3 jours de suite,🔥,streak,streak_days,3,40
Semaine fidèle,Jouer 7 jours de suite,📆,streak,streak_days,7,100
Deux semaines de feu,Jouer 14 jours de suite,🌡️,streak,streak_days,14,180
Flamme éternelle,Jouer 30 jours de suite,⚡,streak,streak_days,30,300
Persévérance de 100 jours,Jouer 100 jours de suite,🏛️,streak,streak_days,100,1000
Fidélité d'un an,Jouer 365 jours de suite,👑,streak,streak_days,365,5000
Disciple,Atteindre 100 XP,✝️,special,total_xp,100,0
Apôtre en devenir,Atteindre 300 XP,📜,special,total_xp,300,0
Prophète,Atteindre 600 XP,🕯️,special,total_xp,600,0
Sage,Atteindre 1000 XP,⚡,special,total_xp,1000,0
Patriarche,Atteindre 1500 XP,🌈,special,total_xp,1500,0
Champion biblique,Atteindre 2500 XP,🏆,special,total_xp,2500,0
Grand Maître,Atteindre 5000 XP,💠,special,total_xp,5000,0
Légende,Atteindre 10000 XP,👑,special,total_xp,10000,0
